1,1,2023-07-28 08:30:34,,2023-07-28 08:30:34,,0
1,2,2023-07-28 08:30:38,,2023-07-28 08:30:38,,0
1,3,2023-07-28 08:30:40,,2023-07-28 08:30:40,,0
1,4,2023-07-28 08:30:44,,2023-07-28 08:30:44,,0
1,5,2023-07-28 08:30:46,,2023-07-28 08:30:46,,0
1,6,2023-07-28 08:30:48,,2023-07-28 08:30:48,,0
1,7,2023-07-28 08:30:50,,2023-07-28 08:30:50,,0
1,8,2023-07-28 08:30:50,,2023-07-28 08:30:50,,0
1,9,2023-07-28 08:30:50,,2023-07-28 08:30:50,,0
1,10,2023-07-28 08:30:50,,2023-07-28 08:30:50,,0
1,11,2023-07-28 08:30:50,,2023-07-28 08:30:50,,0
1,12,2026-06-29 20:13:58,,2026-06-29 20:13:58,,0
1,13,2026-06-29 20:13:58,,2026-06-29 20:13:58,,0
1,14,2026-06-29 20:13:58,,2026-06-29 20:13:58,,0
1,50,2026-06-29 20:13:58,,2026-06-29 20:13:58,,0
1,51,2026-06-29 20:13:58,,2026-06-29 20:13:58,,0
1,52,2026-06-29 20:13:58,,2026-06-29 20:13:58,,0
1,53,2026-06-29 20:13:58,,2026-06-29 20:13:58,,0
1,54,2026-06-29 20:13:58,,2026-06-29 20:13:58,,0
1,60,2026-06-29 20:13:58,,2026-06-29 20:13:58,,0
1,61,2026-06-29 20:13:58,,2026-06-29 20:13:58,,0
1,62,2026-06-29 20:13:58,,2026-06-29 20:13:58,,0
1,70,2026-06-29 20:13:58,,2026-06-29 20:13:58,,0
1,71,2026-06-29 20:13:58,,2026-06-29 20:13:58,,0
1,72,2026-06-29 20:13:58,,2026-06-29 20:13:58,,0
1,73,2026-06-29 20:13:58,,2026-06-29 20:13:58,,0
2,1,2026-06-17 20:26:02,,2026-06-17 20:26:02,,0
2,2,2026-06-17 20:26:02,,2026-06-17 20:26:02,,0
2,3,2026-06-17 20:26:02,,2026-06-17 20:26:02,,0
2,4,2026-06-17 20:26:02,,2026-06-17 20:26:02,,0
2,5,2026-06-17 20:26:02,,2026-06-17 20:26:02,,0
2,6,2026-06-17 20:26:02,,2026-06-17 20:26:02,,0
2,7,2026-06-17 20:26:02,,2026-06-17 20:26:02,,0
2,8,2026-06-17 20:26:02,,2026-06-17 20:26:02,,0
2,9,2026-06-17 20:26:02,,2026-06-17 20:26:02,,0
2,10,2026-06-17 20:26:02,,2026-06-17 20:26:02,,0
2,11,2026-06-17 20:26:02,,2026-06-17 20:26:02,,0
